{"mean": 0.30386726018689153, "median": 0.34105241415033954, "min": 0.1127474555471436, "max": 0.5601472346752042, "_timestamp": 1706624777.713188, "_runtime": 45.119225025177, "_step": 10, "_wandb": {"runtime": 43}}