{"mean": 0.30386726018689153, "median": 0.34105241415033954, "min": 0.1127474555471436, "max": 0.5601472346752042, "_timestamp": 1706625308.4828532, "_runtime": 39.350250244140625, "_step": 10, "_wandb": {"runtime": 38}}