{"Normalized_mean": 0.30149057195858037, "Normalized_median": 0.2998894589849828, "Normalized_min": 0.2972532201287045, "Normalized_max": 0.3057994977750036, "train_mean": 963.5545032455475, "train_median": 960.16734632597, "train_min_": 956.9010409814355, "train_max_": 971.6169631785303, "test_mean": 942.2583022574181, "test_median": 935.5251418695483, "test_max_": 960.3786279932228, "test_min_": 924.4389666072411, "steps": 2576.0250012314154, "_timestamp": 1707695154.8177648, "_runtime": 13.563427686691284, "_step": 1, "_wandb": {"runtime": 12}}